Thread,Topic_1,Topic_2,Topic_3,Topic_4,Topic_5,Topic_6,Topic_7,Topic_8,Topic_9,Topic_10
thread_1.txt,0.37541575670178701,0.33388442573616345,0,0,0,0,0,0,0.26811837549372147,0
thread_10.txt,0,0.48044167535117649,0,0.29772601827910361,0,0,0,0,0.19266032804461522,0
thread_100.txt,0,0.9181607510669505,0,0,0,0,0,0,0,0
thread_101.txt,0.050000000298234461,0.05000133637460058,0.050000000547818946,0.050001194421664216,0.050000000439657334,0.050009609525885901,0.050000000485114451,0.0500011868903679,0.54998618381801845,0.050000487198637769
thread_102.txt,0,0.71555190116368095,0,0,0,0.22940195606650449,0,0.042081895490616666,0,0
thread_103.txt,0.014286337971470576,0.0142923701662627,0.014285715970519529,0.014291674337406701,0.014285719286652678,0.014292637681471725,0.014285715966154371,0.36298389254641972,0.52271018486459042,0.014285751209051598
thread_104.txt,0,0.86899778673236749,0,0,0,0,0,0.097663832283673743,0,0
thread_105.txt,0,0.80103088866310934,0,0,0,0,0,0,0.1822999367257265,0
thread_106.txt,0,0.92498979124013891,0,0,0,0,0,0,0,0
thread_107.txt,0,0,0,0,0,0.46366641669846559,0,0.066212803171538798,0.43122818805552554,0
thread_108.txt,0,0.54033960351140731,0,0.23693895655469935,0,0.12505427025098179,0,0,0.091072693118451245,0
thread_109.txt,0,0.80235309654274256,0,0.082690656697672851,0,0.095510622146177532,0,0,0,0
thread_11.txt,0.25628748366087806,0.051822370431478131,0,0.62172462136872164,0,0,0,0.05925530740441589,0,0
thread_110.txt,0,0.75807820007427928,0,0.096100347084341606,0,0.070357704401817003,0,0.063697662642109909,0,0
thread_111.txt,0,0.75896855731010726,0,0,0,0.12055281266012753,0,0,0.097793802881722666,0
thread_112.txt,0.10181606320345804,0.48382146350089394,0,0.060220272637866536,0,0.14156779307255374,0,0,0.19786685867806322,0
thread_113.txt,0.025000000617987714,0.025001107268858735,0.0250000010871409,0.025001632649706462,0.025000011090595096,0.77498759187288102,0.025000001054070149,0.025000760667773032,0.025008693630796459,0.025000200060190245
thread_114.txt,0.51512683740331033,0.025002655134660431,0.025000001247758055,0.025000569368550864,0.025000001104521684,0.025004418182103777,0.025000001218565885,0.025000562659417233,0.28486472198536034,0.025000231695751524
thread_115.txt,0.07092653914539844,0.59788952539188744,0,0.079906158772459351,0,0.13821624809955635,0,0.098354684572781306,0,0
thread_116.txt,0,0.5564645112737242,0,0.36251899729170006,0,0,0,0.071555974397260941,0,0
thread_117.txt,0.2767473567725709,0.67618564187750652,0,0,0,0,0,0,0,0
thread_118.txt,0,0.41566216130190647,0,0.39426098069825727,0,0.076697191524390376,0,0,0.10370146097418224,0
thread_119.txt,0,0.80226875146278775,0,0.16809753089168919,0,0,0,0,0,0
thread_12.txt,0,0.32137739443778846,0,0,0,0,0,0,0.60588999995125625,0
thread_120.txt,0,0.14906348862376592,0,0.36160061210055344,0,0,0,0,0.44815751248945218,0
thread_121.txt,0.011111493207850811,0.011114090557514309,0.011111112967536078,0.26804976483479825,0.011111114777827769,0.39271013835715268,0.011111112960780772,0.26145554644889435,0.011114459226393016,0.011111166661251981
thread_122.txt,0.20544227852859923,0.33899359123194256,0,0.42756073639011521,0,0,0,0,0,0
thread_123.txt,0.19699814367531687,0.52379962004361091,0,0,0,0.25506259737238329,0,0,0,0
thread_124.txt,0.04025060826304494,0.39838607250501817,0,0.31463867836564097,0,0.24040839475353026,0,0,0,0
thread_125.txt,0.010000002305796247,0.23356101097060669,0.010000003974417929,0.010002205775150961,0.010000026032615093,0.33910096489307751,0.010000003962542369,0.010000781116898089,0.35733493152687373,0.010000069442021439
thread_126.txt,0,0,0,0,0,0.6106414496175957,0,0.075237816476272867,0.27036685720975057,0
thread_127.txt,0.34742967654540002,0.55408632799711333,0,0,0,0,0,0.069312055240193016,0,0
thread_128.txt,0,0.5681671256228088,0,0,0,0,0,0.10603256354351336,0.26215823763370605,0
thread_129.txt,0,0.62375992647841327,0,0.31961479837956924,0,0.0391226467823634,0,0,0,0
thread_13.txt,0,0.76929869483010971,0,0,0,0,0,0.082804505205512635,0.10414393009040293,0
thread_130.txt,0,0.44220385912002602,0,0.39561853975109601,0,0,0,0.14217461712851739,0,0
thread_131.txt,0,0.54022359013396537,0,0.13109157279885958,0,0.26308530952034981,0,0.050214422070496013,0,0
thread_132.txt,0.011116071078037793,0.8999775540485232,0.01111111266999955,0.011112559971386337,0.011111115883683034,0.011116715511220504,0.01111111263991349,0.011111688377337073,0.011120774118410524,0.011111295701488732
thread_133.txt,0.057789895961436515,0.31657032765849691,0,0,0,0.60305788497348412,0,0,0,0
thread_134.txt,0.050000000298309394,0.05000133671575574,0.0500000005479566,0.050001194728208666,0.050000000439767808,0.050009782922982894,0.050000000485236354,0.050001187192275892,0.54998600934780351,0.050000487321703008
thread_135.txt,0,0,0,0.7656901389545927,0,0,0,0,0.16763242539738335,0
thread_136.txt,0,0.8886971222006792,0,0,0,0,0,0.066850576388551436,0,0
thread_137.txt,0.064131707793842904,0.25121215729813157,0,0.55506024463208625,0,0,0,0.058195651961499395,0.062627964705562422,0
thread_138.txt,0,0.42519657075967654,0,0.27245884879351856,0,0.22314721451880951,0,0.06669509540901554,0,0
thread_139.txt,0,0.8991216167269851,0,0,0,0,0,0.075874982224640036,0,0
thread_14.txt,0.22166819004725211,0.25497865132117803,0,0.15104188735388629,0,0.28973705191472093,0,0.06868443835507626,0,0
thread_140.txt,0,0.36807886103013832,0,0.50971569253776394,0,0,0,0.087200738704927588,0,0
thread_141.txt,0.20004257952966858,0.23354767824293135,0,0.3293866309616677,0,0,0,0,0.2148001672927394,0
thread_142.txt,0.45197469439546556,0.10202573415916878,0,0,0,0.23646062374774826,0,0,0.17795872657231979,0
thread_143.txt,0,0.52703994097640861,0,0.32252427022858798,0,0.072370513483681426,0,0.06883405662926019,0,0
thread_144.txt,0,0.58216635768310232,0,0.24417421955514362,0,0.10215440957988607,0,0.062933190364589067,0,0
thread_145.txt,0.11053106070599633,0.011112918558009492,0.011111114088354522,0.56920386527983646,0.011111114452128142,0.011112777034296887,0.011111114079928453,0.011111509365069831,0.24248333672310723,0.011111189713272787
thread_146.txt,0.26332827680491366,0.025003192077658814,0.025000002621135664,0.025001125587028657,0.025000002349758809,0.025004450844068424,0.025000002592551845,0.28849120841305398,0.2731715033478509,0.025000235361979251
thread_147.txt,0,0.73037108725999156,0,0.26053697717731333,0,0,0,0,0,0
thread_148.txt,0.21521436337427097,0.56234121419430916,0,0.028875227632474083,0,0,0,0.1320197673315987,0.055138919308512779,0
thread_149.txt,0.020014294460822226,0.47886337523098277,0.020000006556969378,0.020003219929824696,0.020000005924073732,0.36110871090253277,0.020000006535950115,0.020000473341542882,0.020009708129691418,0.020000198987609945
thread_15.txt,0.033333333493469779,0.033334050848488193,0.033333333627483704,0.03333397463734953,0.033333333569406529,0.033338350872266463,0.033333333593814643,0.033333970593742698,0.6999927238365663,0.033333594927412079
thread_150.txt,0,0.47415081557848077,0,0.49106036756289667,0,0,0,0,0,0
thread_151.txt,0,0.43119965539742761,0,0.40824121218813109,0,0,0,0,0.12166199569334185,0
thread_152.txt,0.15278502163662577,0,0,0.55151399210649776,0,0.24569136757144605,0,0,0,0
thread_153.txt,0,0.58362625468787188,0,0.3719182624559253,0,0,0,0,0,0
thread_154.txt,0,0.64775080869890034,0,0.16263135240004561,0,0,0,0.1636885419063093,0,0
thread_155.txt,0,0.59602372075850063,0,0.29033086311445327,0,0.06024237690705133,0,0.043402330920176119,0,0
thread_156.txt,0,0.75671181684561195,0,0.23038292751384012,0,0,0,0,0,0
thread_157.txt,0,0.1386651868205874,0,0.19804629709735802,0,0.35997211809378887,0,0,0.26331205455186479,0
thread_158.txt,0.16626148509768227,0,0,0.7721841886438664,0,0,0,0,0,0
thread_159.txt,0.24300267047444654,0.60006531955360676,0,0,0,0,0,0.12008285344466159,0,0
thread_16.txt,0,0.61338595933581064,0,0.36498970844128392,0,0,0,0,0,0
thread_160.txt,0.014291615801952236,0.78401156599134836,0.014285716698450787,0.01428990203240499,0.014285717113089746,0.01429124666537482,0.014285716680103056,0.014286282728291034,0.10168636825377049,0.014285868035214502
thread_161.txt,0.02500157174541218,0.025008536998058495,0.025000000449027338,0.49594994338639342,0.025000009871618944,0.025006012474572337,0.025000000424698934,0.025000499213857004,0.30403323697358986,0.02500018846277148
thread_162.txt,0.016666869031478179,0.69729239518879194,0.016666669102286032,0.016670784358505841,0.016666668860011172,0.016673458051304286,0.016666669086322861,0.016667301805874616,0.1693623812869795,0.016666803228445683
thread_163.txt,0,0.79355104701745494,0,0,0,0,0,0.073013122023168453,0.089681471435351448,0
thread_164.txt,0.012500321071376073,0.012502204660399226,0.012500000709727111,0.012502568897131404,0.01250000063770125,0.35043231982636414,0.012500000703755815,0.012500460665807626,0.54956207296635151,0.012500049861385856
thread_165.txt,0.025000619683580298,0.46914458459834996,0.025000004227553121,0.025006788725811708,0.025000003813746074,0.025005068250075275,0.025000004208748663,0.025000461901246163,0.3308422935305893,0.025000171060299288
thread_166.txt,0,0.42487427270141603,0,0.51357755053957299,0,0,0,0,0,0
thread_167.txt,0,0.12539993769808816,0,0.34665874159735688,0,0,0,0.19794803015166137,0.32660318993248216,0
thread_168.txt,0,0.23051344976079763,0,0.50615692827689174,0,0,0,0.15917106256366056,0.098497632714941163,0
thread_169.txt,0,0.59052159416042294,0,0,0,0,0,0.15671394423958362,0.22583834942878722,0
thread_170.txt,0,0.059510916996749895,0,0.33759323335102814,0,0,0,0,0.59729485483977152,0
thread_171.txt,0.030427548661258227,0.11827737911864979,0,0.3067240530203873,0,0,0,0,0.532070454136648,0
thread_172.txt,0.050000000298254868,0.05000133646828353,0.050000000547856437,0.050001194505208832,0.050000000439687421,0.050009656493188559,0.050000000485147654,0.05000118697310043,0.54998613655709083,0.050000487232181604
thread_173.txt,0.11458252132238157,0.21399294222662552,0,0.24821986092446194,0,0,0,0,0.40012620433424767,0
thread_174.txt,0,0.25382133121027034,0,0.31284764693624095,0,0,0,0,0.37499293163728464,0
thread_175.txt,0.19381396756517125,0.53851399896869789,0,0,0,0,0,0,0.20402658650221817,0
thread_176.txt,0.080947390956842669,0.71956587051993803,0,0.15378791982823947,0,0.043718391330242169,0,0,0,0
thread_177.txt,0,0.4613775811393232,0,0.29006593002999098,0,0.20881935551065117,0,0.033551073212191411,0,0
thread_178.txt,0,0.50159391236824169,0,0.20702157659791284,0,0,0,0,0.23304645286345524,0
thread_179.txt,0,0.7885856942349222,0,0,0,0.095331004962496996,0,0,0.098582311054840194,0
thread_18.txt,0.19664526779338204,0,0,0.15763588177825991,0,0.58207622713075968,0,0,0,0
thread_180.txt,0,0.20029494118565505,0,0.24643930571502637,0,0.19414037363249001,0,0,0.33690179500198975,0
thread_181.txt,0,0.85842399802429525,0,0,0,0,0,0.10520516275571097,0,0
thread_182.txt,0.16393897590154272,0.65269226692683779,0,0,0,0,0,0.16149091503147267,0,0
thread_183.txt,0,0.63445917643359984,0,0,0,0,0,0,0.31220130962284387,0
thread_184.txt,0,0.92709612777964034,0,0.039566345643163851,0,0,0,0,0,0
thread_185.txt,0.014286004358183767,0.014289418569244152,0.014285719089399988,0.72075699148770289,0.014285718630459387,0.014291958454548106,0.014285719079321666,0.014286440583678147,0.16494621446579963,0.014285815281662229
thread_186.txt,0.012500002224835501,0.73017937952349066,0.012500003838772724,0.012501739414670534,0.012500003455506274,0.012511806510117695,0.012500003812334067,0.16979514477220978,0.012511692764934535,0.012500223683128144
thread_187.txt,0,0.19929829065330032,0,0.75624905161817135,0,0,0,0,0,0
thread_188.txt,0.15594906642217504,0,0,0.67771692053093713,0,0,0,0.14445680427493254,0,0
thread_189.txt,0.012500487013066866,0.53429274089075951,0.012500002912994954,0.012504302669828082,0.012500004278347236,0.012502152169918861,0.012500002906118836,0.012500521727804539,0.36569971891140085,0.012500066519760399
thread_19.txt,0.16674781928978741,0.72104109258219196,0,0,0,0,0,0,0.071030718261483689,0
thread_190.txt,0,0.95713721420571163,0,0,0,0,0,0,0,0
thread_191.txt,0,0.94999274195064742,0,0,0,0,0,0,0,0
thread_192.txt,0,0.40620371912089315,0,0.57779511725090382,0,0,0,0,0,0
thread_193.txt,0,0.67047445091845526,0,0.12923606875992996,0,0.15653463678856799,0,0,0,0
thread_194.txt,0,0.37302082115884133,0,0.38003812879957727,0,0.2326531925096646,0,0,0,0
thread_195.txt,0,0.3801452833471618,0,0,0,0,0,0.058134648835598733,0.52989744855569554,0
thread_196.txt,0,0.8293879616534281,0,0.074698453977567039,0,0,0,0.080001831695828335,0,0
thread_197.txt,0,0.81943183251304375,0,0,0,0,0,0.091156741789776591,0.064408683846711196,0
thread_198.txt,0,0.74649332960534442,0,0,0,0,0,0.099893039840105474,0.12561088245697116,0
thread_199.txt,0,0.93570515155590905,0,0,0,0,0,0,0,0
thread_2.txt,0.16459634631704173,0.15209523717192713,0,0.35316252178574953,0,0.12585321469687577,0,0.034346549714257192,0.16494612309405871,0
thread_20.txt,0,0.74056273602724076,0,0,0,0,0,0.08337387235682199,0.12605773712652482,0
thread_200.txt,0,0.78211683930102638,0,0.19736684332850807,0,0,0,0,0,0
thread_201.txt,0.11732046931668633,0.55992141224570535,0,0.10340516253131256,0,0.20951491012838486,0,0,0,0
thread_202.txt,0,0,0,0.56322672339489921,0,0,0,0.25780602113483914,0.13521511409282441,0
thread_203.txt,0.011115535780795252,0.36292067516302112,0.011111115619119124,0.011114921397265167,0.011111115197199839,0.11898313978801715,0.011111115619218506,0.011115721989385279,0.44030552603176171,0.011111133414216731
thread_204.txt,0.08762287447370623,0.1363237532065171,0,0.4821561795008375,0,0.26231661722461114,0,0,0,0
thread_205.txt,0,0.62378631100448734,0,0.32914590469747634,0,0,0,0,0,0
thread_206.txt,0.020000002413187858,0.23700124970521474,0.02000000415551758,0.020001528396495178,0.020000003754806577,0.60299010205349934,0.020000004142550952,0.020000605847881273,0.02000637740930231,0.020000122121544138
thread_207.txt,0,0.21976767265573657,0,0.72307417893742543,0,0,0,0,0,0
thread_208.txt,0,0.38061201803456862,0,0.15294283332648867,0,0.24267568539141615,0,0,0.19876904847288623,0
thread_209.txt,0,0.4097319862451213,0,0.55548078645686094,0,0,0,0,0,0
thread_21.txt,0,0.483511381314081,0,0,0,0.48448642203097042,0,0,0,0
thread_210.txt,0.15133992245763203,0,0,0.39711661163650158,0,0.38790282139465104,0,0,0,0
thread_211.txt,0.050000000298453716,0.050001337367825194,0.050000000548221693,0.050001195308876818,0.050000000439980569,0.05001012383627329,0.050000000485471104,0.050001187771833114,0.5499856663847883,0.050000487558276373
thread_212.txt,0,0.54267403673479764,0,0,0,0.21457791790562095,0,0.20941071025019264,0,0
thread_213.txt,0.050000000298273263,0.050001336559632181,0.050000000547890229,0.050001194580304553,0.050000000439714545,0.050009698930996792,0.050000000485177575,0.050001187048218411,0.54998609384739006,0.050000487262402582
thread_214.txt,0.10638139689849628,0.45271445349466199,0,0,0,0.14806961060588922,0,0.10580766542644174,0.16528689115107439,0
thread_215.txt,0,0.29528773035926204,0,0.58697322149539111,0,0,0,0.096524490680328326,0,0
thread_216.txt,0,0.41916670135291617,0,0.54604701198373229,0,0,0,0,0,0
thread_217.txt,0.08632665750163139,0.63815966997085827,0,0.24958514218916306,0,0,0,0,0,0
thread_218.txt,0.12044462618998958,0,0,0.55235455103601439,0,0,0,0,0.2834434991791705,0
thread_219.txt,0,0.67794008987502685,0,0.30154359176653284,0,0,0,0,0,0
thread_22.txt,0,0.58795383652163746,0,0.1878574845755763,0,0,0,0.062150709450118795,0.12453698411989929,0
thread_220.txt,0,0.59591679865998404,0,0.27751462439483637,0,0.10764889562644718,0,0,0,0
thread_221.txt,0.20239291641156479,0.33949986691348355,0,0.25452339298275217,0,0,0,0,0.18135921186090723,0
thread_222.txt,0.01428610930293692,0.69729988054859748,0.014285715825573558,0.0142893386892605,0.014285717027354804,0.014288617132356334,0.014285715814579965,0.014286634769179967,0.18840646882299922,0.014285802067161393
thread_223.txt,0.16202645692772277,0.01667124430234591,0.016666676407243078,0.36214490715086473,0.016666675486443305,0.016669551252361872,0.016666676396954728,0.016667003641763378,0.35915401302179323,0.016666795412506982
thread_224.txt,0,0.42452039881551495,0,0.098288627330710351,0,0.43176837937050461,0,0.027238872949330084,0,0
thread_225.txt,0,0.77621674009783204,0,0,0,0,0,0.1904445057480515,0,0
thread_226.txt,0,0.72950926191579524,0,0,0,0.12201186698176004,0,0.042602060700577725,0.097768030837224518,0
thread_227.txt,0,0.48173457970019778,0,0.35083258846045928,0,0.14150470632123144,0,0,0,0
thread_228.txt,0.033333334394815527,0.033334250169611467,0.033333335181361202,0.033334880306787606,0.033333334970098334,0.033339713676621842,0.033333335139381956,0.38613769895370176,0.34718644828551737,0.033333668922102849
thread_229.txt,0,0,0,0.27549154901056488,0,0,0,0.058278419446500675,0.64994891758185047,0
thread_23.txt,0,0.25872494214828379,0,0.3324329965353508,0,0.39089251151086718,0,0,0,0
thread_230.txt,0.18565119849684872,0,0,0.42901255041673286,0,0,0,0.079199679799450681,0.25158668806820494,0
thread_231.txt,0.025000006089912246,0.50621719272566745,0.02500001047806243,0.025000480518132549,0.025000009479715965,0.02500373956374001,0.025000010458792844,0.025000481669891852,0.29377786370794712,0.025000205308137659
thread_232.txt,0.010000073634785325,0.90997839074441045,0.010000002089538071,0.010001935720524512,0.010000010151830007,0.010006121894592102,0.010000002073921514,0.010006156303838347,0.010007178135272332,0.010000129251287532
thread_233.txt,0,0.63991647885814007,0,0,0,0,0,0.061925182283359928,0.26482315205936297,0
thread_234.txt,0,0.4902213012568401,0,0,0,0.42645075067103289,0,0.051505925596562287,0,0
thread_235.txt,0,0.64327654720339467,0,0.1573363332989057,0,0.17938574131758317,0,0,0,0
thread_236.txt,0.12056376076628908,0.78678790528138842,0,0,0,0,0,0,0.07264670662146791,0
thread_237.txt,0,0.96399449181792873,0,0,0,0,0,0,0,0
thread_238.txt,0,0.55872075645937025,0,0.34377074456715784,0,0.078587110399351207,0,0,0,0
thread_239.txt,0,0.43947448450484183,0,0.53628062108319841,0,0,0,0,0,0
thread_24.txt,0.1753903170392225,0.75689163505197432,0,0.018688079289838452,0,0.044070981040880537,0,0,0,0
thread_240.txt,0,0.46778292355188078,0,0.2706115192650409,0,0.089317515157006366,0,0.15463995507055919,0,0
thread_241.txt,0,0.96896156183285742,0,0,0,0,0,0,0,0
thread_242.txt,0.085544163756199706,0.13537194438416367,0,0,0,0.034501596272837415,0,0,0.71849383056975702,0
thread_243.txt,0,0.53288957241867219,0,0,0,0.26557748172138712,0,0.17460692850359263,0,0
thread_244.txt,0.01250557428652452,0.37072542399274061,0.012500004563197532,0.012500563703395778,0.012500004107624446,0.012500530802104823,0.012500004531803355,0.14636853914152717,0.39539923704766139,0.012500117823420375
thread_245.txt,0,0.51244059139598974,0,0,0,0.45678789773456957,0,0,0,0
thread_246.txt,0.19499349896318993,0.42730410013620407,0,0.22698236920187556,0,0.14312475898398458,0,0,0,0
thread_247.txt,0,0.26417415848591247,0,0.43995616626745199,0,0,0,0.10978253131957125,0.1507898573979975,0
thread_248.txt,0,0.56403238999144756,0,0.3045473215413167,0,0.043017608064181617,0,0,0.077081315718279808,0
thread_249.txt,0.17004360419963582,0.70102192170204569,0,0,0,0,0,0,0.10772077278809661,0
thread_25.txt,0,0.72005481416092931,0,0,0,0,0,0.22660304823305513,0,0
thread_250.txt,0.025000001082843566,0.025006438329003993,0.025000001824536142,0.025000988135885947,0.025000001647462751,0.025005077946900968,0.025000001817109201,0.025000472312687341,0.77498695436240594,0.025000062541164256
thread_251.txt,0.012500223007620524,0.012504447490903136,0.012500002424188092,0.88747520704384286,0.012500002546042686,0.012506975601059643,0.012500002395753031,0.012500973106078755,0.012511934981031101,0.012500231403480205
thread_252.txt,0.20118248565652225,0.13035712413611258,0,0.41919911783587105,0,0,0,0,0.21925992359303534,0
thread_253.txt,0,0.33705940385440475,0,0.59019911830186356,0,0,0,0,0,0
thread_254.txt,0.20109996328680213,0.13073800528748092,0,0.41941940257763122,0,0,0,0,0.21874127953289829,0
thread_255.txt,0,0.11713085514684309,0,0.85209467618320123,0,0,0,0,0,0
thread_256.txt,0,0.83630992778027735,0,0,0,0.12158027981260584,0,0,0,0
thread_257.txt,0,0.56554177758735269,0,0,0,0.085841414619088327,0,0,0.30972373862926972,0
thread_258.txt,0.20912442279069871,0.37598521585725453,0,0,0,0.36103954490243717,0,0,0,0
thread_259.txt,0.25545292869908426,0.61317886107907138,0,0,0,0,0,0,0.096365311740327281,0
thread_26.txt,0.010000409079370115,0.90998349237078613,0.0100000007245508,0.01000225361450555,0.010000014891556325,0.010003118500367957,0.010000000706852296,0.010001220860721459,0.010009359998699029,0.010000129252590086
thread_260.txt,0,0.64773880077172585,0,0.31225461966778095,0,0,0,0,0,0
thread_261.txt,0,0.46683689565742281,0,0.29250000850088981,0,0.1788622253628917,0,0.0460091526325083,0,0
thread_262.txt,0,0.66211967547988027,0,0.24153710711379664,0,0,0,0.08288051876643289,0,0
thread_263.txt,0.19877626226176759,0,0,0.76643491118225926,0,0,0,0,0,0
thread_264.txt,0,0.4199711661273936,0,0.11495397596629917,0,0.36694950151199068,0,0.090230272959317556,0,0
thread_265.txt,0,0,0,0.7539322744471838,0,0,0,0,0.20161774575128802,0
thread_266.txt,0,0.44448931542567499,0,0,0,0.51550492225648736,0,0,0,0
thread_267.txt,0,0.6338319092504181,0,0,0,0.16704096995293299,0,0.1802064406734081,0,0
thread_268.txt,0,0.084798482289574637,0,0.76905380749039209,0,0.12772317959481763,0,0,0,0
thread_269.txt,0.16542974462071358,0.1866383589477057,0,0.36347236159407847,0,0.16895291529152079,0,0,0.10550584499412755,0
thread_27.txt,0,0,0,0.5677478997824098,0,0,0,0.13412666902629103,0.26312112263852844,0
thread_270.txt,0,0.44996702441514685,0,0,0,0.4772969111001053,0,0,0,0
thread_271.txt,0.15858206699878061,0.24192484965116887,0,0.54415065836714915,0,0,0,0,0.047549796999065301,0
thread_272.txt,0,0.63824548908936518,0,0.35211485684060129,0,0,0,0,0,0
thread_273.txt,0,0.88153379018040789,0,0,0,0,0,0,0.096242220868370837,0
thread_274.txt,0,0.6323646677387077,0,0.21164701364207525,0,0,0,0,0.11914525128025122,0
thread_275.txt,0,0.35957542781820578,0,0.40274971860017778,0,0,0,0,0.22471077297395994,0
thread_276.txt,0,0.32483847201706345,0,0.23839054749075023,0,0.26458320785491152,0,0.16701498596764103,0,0
thread_277.txt,0,0.72340062975345287,0,0.16481015318129213,0,0.092340563278586585,0,0,0,0
thread_278.txt,0.065465818492133385,0.66735040267465884,0,0.22115131346224748,0,0,0,0,0.037698158214843021,0
thread_279.txt,0,0.81677242565952213,0,0.17091725102603733,0,0,0,0,0,0
thread_28.txt,0,0,0,0.74964409462937842,0,0.2155694931400762,0,0,0,0
thread_280.txt,0.014286164619274063,0.014288884328479121,0.014285716354221703,0.72231863813876607,0.014285716933689161,0.014289138922671229,0.014285716340546354,0.014285987603337257,0.16338821744927542,0.014285819309739645
thread_281.txt,0.020000004657957277,0.44543179554221846,0.020000008094762795,0.020000195339734253,0.020000007254083567,0.020001519242504161,0.020000008002999517,0.020000197335780349,0.39456593490156078,0.02000032962839875
thread_282.txt,0,0.62777860800189333,0,0.29899761894359006,0,0,0,0,0.058639738767495182,0
thread_283.txt,0,0.36619878791977861,0,0,0,0.56662125125814333,0,0.062858631296126746,0,0
thread_284.txt,0,0.41683076577949424,0,0.43043042012212868,0,0,0,0,0.13845210031590224,0
thread_285.txt,0.087374167393000107,0,0,0.50718139879846336,0,0.3813036831356012,0,0,0,0
thread_286.txt,0,0.70544080855193314,0,0,0,0.2069411586764619,0,0.055793522901304238,0,0
thread_287.txt,0.025000615153286682,0.47716320160595999,0.025000003239618956,0.025004941144855568,0.025000002917600513,0.02500518096277261,0.025000003219335185,0.025000447472718536,0.32282542761313388,0.025000176670718181
thread_288.txt,0.012508702530221134,0.30487972643719874,0.012500003036673778,0.012502039432997129,0.01250000272614109,0.012504502222863282,0.012500003007944337,0.59509329610982697,0.012511486471604253,0.012500238024529379
thread_289.txt,0,0,0,0.65978865529141051,0,0.21490729291541072,0,0.10116377937877362,0,0
thread_29.txt,0,0.87825333473279643,0,0,0,0,0,0.07173971250956758,0,0
thread_290.txt,0,0.3467422420133392,0,0.47131428960729116,0,0.14509911850668197,0,0,0,0
thread_291.txt,0,0.15411023137084612,0,0.67216040844962244,0,0.13872780307192439,0,0,0,0
thread_292.txt,0,0.41405477231145782,0,0.50545864892898551,0,0.051315740360295028,0,0,0,0
thread_293.txt,0,0.47693093562254762,0,0.48827981119892072,0,0,0,0,0,0
thread_294.txt,0,0.49708799477932353,0,0.35596043637184482,0,0.12102376951366134,0,0,0,0
thread_295.txt,0,0.43531635666839025,0,0.46314471857890022,0,0.071101908029404234,0,0,0,0
thread_296.txt,0,0.43528017980761646,0,0.46314316070413319,0,0.071139642866466526,0,0,0,0
thread_297.txt,0,0.46962439839261549,0,0.31266231129251965,0,0,0,0,0.19078859636713386,0
thread_298.txt,0,0.63740181695270826,0,0.32623059836019741,0,0,0,0,0,0
thread_299.txt,0,0.88721957788336447,0,0.082008978715123193,0,0,0,0,0,0
thread_30.txt,0.011111113245964642,0.746332141864398,0.01111111477087548,0.011112233885389544,0.01111112220465952,0.011115569000128469,0.011111114766144648,0.011119809839218611,0.1647646151010761,0.011111165322144997
thread_300.txt,0.01250027198318083,0.7234506406735387,0.012500002908778703,0.012502683722244293,0.0125000099839748,0.012504898819080025,0.012500002879679581,0.1765296053473312,0.012511655025046963,0.012500228657144891
thread_301.txt,0,0.93075902760862239,0,0,0,0,0,0,0,0
thread_302.txt,0,0.75896934465045574,0,0,0,0,0,0,0.19102432635600045,0
thread_303.txt,0.014285716712956077,0.60925743312272518,0.014285718464017489,0.014288573115334786,0.014285723242779418,0.2764468794384185,0.014285718452195046,0.014286072525012914,0.014292335627389411,0.014285829299171085
thread_304.txt,0,0.43529729140240403,0,0.46315997341570203,0,0.071105718425900452,0,0,0,0
thread_305.txt,0,0.41831387098337164,0,0.49699009474247907,0,0.055527230945689454,0,0,0,0
thread_306.txt,0,0.43529179534700213,0,0.46311603438018445,0,0.071155153766555013,0,0,0,0
thread_307.txt,0,0.61297136433644928,0,0.31580437059330763,0,0.045296437397176634,0,0,0,0
thread_308.txt,0,0.83193451733192769,0,0.1299655538117658,0,0,0,0,0,0
thread_309.txt,0,0.61771224774666289,0,0.34749980592902213,0,0,0,0,0,0
thread_31.txt,0,0.69267515833219118,0,0,0,0.22665011199484783,0,0.050237256049778058,0,0
thread_310.txt,0,0.36817453781566528,0,0.50186613972162608,0,0.1040302018972654,0,0,0,0
thread_311.txt,0,0.40079719225491639,0,0.55919871503714869,0,0,0,0,0,0
thread_312.txt,0,0.50679814056248529,0,0.4487521714758208,0,0,0,0,0,0
thread_313.txt,0,0.43535860974540463,0,0.46316442980290767,0,0.071039943513807102,0,0,0,0
thread_314.txt,0,0.54345562350415,0,0.3725316116470539,0,0.056008393655186568,0,0,0,0
thread_315.txt,0,0.58167307692789116,0,0.38195563320700376,0,0,0,0,0,0
thread_316.txt,0,0.528595638976466,0,0.27020060252037637,0,0,0,0.17320032954628725,0,0
thread_317.txt,0.1366388554703539,0.39581795839610734,0,0.30265887581764733,0,0.099665865452712901,0,0,0.061568440883598891,0
thread_318.txt,0,0.95499416628622313,0,0,0,0,0,0,0,0
thread_319.txt,0.14021674458847938,0.46520854355761254,0,0.26377999095110355,0,0.11500396225196559,0,0,0,0
thread_32.txt,0.08752558975925008,0.20482270091730362,0,0.53854056804795369,0,0.15372542979778914,0,0,0,0
thread_320.txt,0.05575074061850846,0.49245196613462305,0,0.23630469249762881,0,0.19149098082851282,0,0,0,0
thread_321.txt,0,0.44602322622244389,0,0.14307378721534492,0,0.37821054767058876,0,0.021977825805670446,0,0
thread_322.txt,0.12746563233186253,0.53057172609923076,0,0.19171836710601109,0,0.11801909029852642,0,0.026730294405272498,0,0
thread_323.txt,0,0.55528608123284295,0,0.2065842714441842,0,0.20312723447042905,0,0,0,0
thread_324.txt,0,0.50429430462976033,0,0.29451372675885412,0,0.17526390868330222,0,0,0,0
thread_325.txt,0,0.5515106318120776,0,0.29952510731224774,0,0.11979564540921638,0,0,0,0
thread_326.txt,0,0.89777834416358926,0,0.060110220778851871,0,0,0,0,0,0
thread_327.txt,0,0.65746240308388892,0,0.25881807837727505,0,0.056794860195698016,0,0,0,0
thread_328.txt,0,0.68318538753534497,0,0.28604206572192165,0,0,0,0,0,0
thread_329.txt,0,0.43086772316534599,0,0.45934983080000846,0,0.077961893130035237,0,0,0,0
thread_33.txt,0,0.77427713358484052,0,0,0,0,0,0.077912484817506789,0.10113938243671353,0
thread_330.txt,0,0.43534854231876691,0,0.46318128259463248,0,0.071033158084290324,0,0,0,0
thread_331.txt,0,0.44732536298638104,0,0.51267056973291436,0,0,0,0,0,0
thread_332.txt,0,0.43079054725401966,0,0.45937905595038581,0,0.078009843922267744,0,0,0,0
thread_333.txt,0,0.43082232971371526,0,0.45936208668317663,0,0.077995030745699759,0,0,0,0
thread_334.txt,0,0.43473803847767284,0,0.47920305243308731,0,0.056889984238411594,0,0,0,0
thread_335.txt,0,0.43085329069818867,0,0.45935008350772999,0,0.077976072925742379,0,0,0,0
thread_336.txt,0,0.58168148498765815,0,0.3819472250598735,0,0,0,0,0,0
thread_337.txt,0,0.44539373939741256,0,0.45165559858640553,0,0,0,0.072511471918410939,0,0
thread_338.txt,0,0.58171744757539523,0,0.38191107540374497,0,0,0,0,0,0
thread_339.txt,0,0.43085431358326975,0,0.45937881505375933,0,0.077946318324347993,0,0,0,0
thread_34.txt,0.014285717410530469,0.014288488059284293,0.014285719656337173,0.014286887764592204,0.014285738581444229,0.014286135932363881,0.014285719656379337,0.23452033862404117,0.6511895130587847,0.014285741256242534
thread_340.txt,0,0.43533017431167781,0,0.46318780417426686,0,0.071045004524109404,0,0,0,0
thread_341.txt,0,0.55759592636406641,0,0.41039961741803821,0,0,0,0,0,0
thread_342.txt,0,0.4615048993788799,0,0.39504272749380442,0,0.10844968292812218,0,0,0,0
thread_343.txt,0,0.50507961560514947,0,0.38154653851953829,0,0.087446247069897787,0,0,0,0
thread_344.txt,0.19722926233819948,0.50115149105386014,0,0,0,0,0,0,0.28269884063958411,0
thread_345.txt,0.020000335169609678,0.020004244399537716,0.02000000417191141,0.60659484560532984,0.020000003765976757,0.020005641239974965,0.020000004155128381,0.020000376778428749,0.23339439211564836,0.020000152598454227
thread_346.txt,0.020000334530143837,0.020004237171203261,0.020000004148835654,0.60855328780549212,0.02000000374472095,0.020005684197957316,0.020000004131676807,0.02000038356313177,0.23143590533377734,0.020000155373061098
thread_347.txt,0,0.44510927866025951,0,0.23200391280577776,0,0.29954902409814343,0,0,0,0
thread_348.txt,0,0.75147833703281286,0,0.12177425090418761,0,0.022378837150423086,0,0,0.098653987742839996,0
thread_349.txt,0,0.68813254434998361,0,0.27853035078872618,0,0,0,0,0,0
thread_35.txt,0.014286131680034583,0.41757209047495047,0.014285720843263079,0.25067128205892175,0.014285747755310012,0.014287664317162168,0.014285720837025912,0.014287277794282462,0.23175257185884054,0.014285792380209102
thread_350.txt,0,0.68315446293240767,0,0.29522222450600671,0,0,0,0,0,0
thread_351.txt,0.085855787674630493,0.86488350793205193,0,0,0,0,0,0.035533667220382904,0,0
thread_352.txt,0.12515558685705871,0.63430618500979119,0,0.21720196437949763,0,0,0,0,0,0
thread_353.txt,0,0.49559623760673727,0,0,0,0.33408556402146877,0,0.14114883525077918,0,0
thread_354.txt,0.020001320741785875,0.020006091741575586,0.020000001275909764,0.37873939212132568,0.020000006004855353,0.020005125875503835,0.020000001260887017,0.20406626441640313,0.27718167240459224,0.020000124157161701
thread_355.txt,0.050000000298309942,0.05000133671847503,0.050000000547957606,0.05000119472793231,0.05000000043976862,0.050009784199776308,0.050000000485237242,0.05000118719449069,0.54998600806548725,0.05000048732256504
thread_356.txt,0.05449176520511087,0.81271288122095875,0,0,0,0.071617760448274254,0,0.052843554621441476,0,0
thread_357.txt,0.11985057438688429,0.81347143833563063,0,0,0,0,0,0,0,0
thread_358.txt,0,0.70452511624537084,0,0.22960984784801594,0,0,0,0.046418556228208618,0,0
thread_359.txt,0,0.40074802458290959,0,0,0,0,0,0.022752884403479806,0.56353516979106688,0
thread_36.txt,0,0.46232902191473779,0,0.14585209026078849,0,0.36138200241005158,0,0,0,0
thread_360.txt,0,0.48340939167507663,0,0.47658645741966604,0,0,0,0,0,0
thread_361.txt,0,0.47270872463759289,0,0.48919220893794346,0,0,0,0,0,0
thread_362.txt,0,0.47271679641340208,0,0.48918413718749015,0,0,0,0,0,0
thread_363.txt,0,0.43535085920882854,0,0.46314835961465822,0,0.071063764344786548,0,0,0,0
thread_364.txt,0,0.61302559820163216,0,0.31564439879656198,0,0.045402175895297721,0,0,0,0
thread_365.txt,0,0.38898241468545447,0,0.36115133984491443,0,0.22653139104381131,0,0,0,0
thread_366.txt,0,0.44686978218398093,0,0.42720806791904725,0,0.092586300449586018,0,0,0,0
thread_367.txt,0,0.57127280332843478,0,0.39795487298236892,0,0,0,0,0,0
thread_368.txt,0,0.63739354370522605,0,0.32623887157214421,0,0,0,0,0,0
thread_369.txt,0,0.58156631332055209,0,0.38206239792231544,0,0,0,0,0,0
thread_37.txt,0,0.48784001671134253,0,0,0,0,0,0.097042535531113583,0.35677862319144116,0
thread_370.txt,0,0.31518383149319756,0,0.44301622032951377,0,0.21263131167408655,0,0,0,0
thread_371.txt,0,0.4063973693463595,0,0.10548053397438867,0,0.27862693390734528,0,0.18549391579218394,0,0
thread_372.txt,0,0.64765053569984765,0,0,0,0.15362536203487701,0,0.16372047407766088,0,0
thread_373.txt,0.11267075268136187,0.30097453433581783,0,0.46828787452911835,0,0,0,0,0.10582058818703544,0
thread_374.txt,0,0.58928961959355464,0,0.35736976993214159,0,0,0,0,0,0
thread_375.txt,0.19742833717966329,0.21026687097552552,0.011111118356208084,0.011115451662505167,0.011111119220838392,0.51451997192062937,0.011111118355314052,0.011111211337977954,0.011113643412234024,0.0111111575791042
thread_376.txt,0,0.66935321348301147,0,0,0,0,0,0,0.30207222672049527,0
thread_377.txt,0,0.56612802280944063,0,0.13045240396194799,0,0.27298153418803722,0,0,0,0
thread_378.txt,0,0.82073967241100876,0,0.070728774350101983,0,0,0,0,0.096249932757090831,0
thread_379.txt,0.014286321655899169,0.53444067954106822,0.014285717556270269,0.014289628802298358,0.014285719258869418,0.014287225476060681,0.014285717552980888,0.014285973857368989,0.35126725714907753,0.014285759150106382
thread_38.txt,0.010002354097590229,0.62591273980637163,0.010000002299724892,0.010003294909003596,0.010000006525553965,0.010001037580959942,0.010000002298042862,0.010002598248112121,0.29407793933482429,0.010000024899816353
thread_380.txt,0.11290029923325225,0.7053085686432311,0,0.06237045795418375,0,0.065068675954964558,0,0.048733742020546603,0,0
thread_381.txt,0,0.770732106965765,0,0.12317497782860161,0,0.059534795089548474,0,0.035018716971385914,0,0
thread_382.txt,0.49928165768585009,0.014290941549979543,0.01428571488624663,0.014289901989105095,0.014285714825314696,0.014288611031053043,0.014285714881292398,0.014285840058412543,0.38642014729141599,0.014285755801330112
thread_383.txt,0,0.3091104047034865,0,0.26212035222308466,0,0.32310054941661093,0,0.089877545720359345,0,0
thread_384.txt,0,0.67126288916904853,0,0,0,0.12678110237610002,0,0.046558959941486865,0.14001108569371018,0
thread_385.txt,0.09728442661094451,0,0,0.62590519810134759,0,0.24988319700432066,0,0,0,0
thread_386.txt,0.18854506781066141,0.57965176509151106,0,0,0,0.19998263179117359,0,0,0,0
thread_387.txt,0.11907991647419372,0.4594805313836956,0,0.27787658382263403,0,0.13356191634426873,0,0,0,0
thread_388.txt,0,0.21316228096526016,0,0.76778604853622645,0,0,0,0,0,0
thread_389.txt,0,0.40346791605573684,0,0.30477583929544794,0,0,0,0.085692319313979831,0.19301939245231264,0
thread_39.txt,0.22499134055277714,0.29426591457961232,0,0,0,0.41710150659103845,0,0,0,0
thread_4.txt,0.12461704464756769,0.80806575179637707,0,0.032829910290556118,0,0,0,0.02861200672558285,0,0
thread_40.txt,0.1221194368546735,0.45724902205324447,0,0.30691179608239244,0,0.099432774516560657,0,0,0,0
thread_41.txt,0,0.36364758692497445,0,0,0,0.56968192818929442,0,0,0,0
thread_42.txt,0,0.86093080323483284,0,0.094539758580644187,0,0.021432817431750011,0,0.020521383456483269,0,0
thread_43.txt,0,0.96399437357055429,0,0,0,0,0,0,0,0
thread_44.txt,0.21182821870385501,0.020002574121351958,0.020000006700540168,0.44872821818847347,0.020000006054276435,0.020003743900978203,0.020000006679174304,0.020000480527603337,0.19943654308355255,0.02000020204019445
thread_45.txt,0,0.65821319215351914,0,0,0,0.15468333847041724,0,0.14334839777199135,0,0
thread_46.txt,0.010000001726652288,0.40736333349427978,0.010000002975928738,0.010001735556473551,0.010000006972355781,0.30539187007414387,0.010000002965728047,0.21723968878442679,0.010003293601710678,0.010000063848300636
thread_47.txt,0,0.55529096418436164,0,0.4113696939700931,0,0,0,0,0,0
thread_48.txt,0,0.5209449762476962,0,0,0,0.29895425410963528,0,0.11645546842636963,0,0
thread_49.txt,0.23301018320516037,0.15600668314942748,0,0,0,0.15534167256629855,0,0.073884358980220596,0.36562714283509457,0
thread_50.txt,0.010003789989597575,0.76567714703529344,0.010000004919527714,0.15430941083223734,0.010000004446109776,0.010002740217038883,0.010000004905179565,0.010000326925508507,0.01000643301169443,0.010000137717812925
thread_51.txt,0.16197009686387176,0.49050056369578249,0,0.28388183713941589,0,0,0,0,0,0
thread_52.txt,0,0.40366256715981835,0,0.55823494603059143,0,0,0,0,0,0
thread_53.txt,0,0.32430635325357343,0,0.63568723247088865,0,0,0,0,0,0
thread_54.txt,0,0.3444531380469511,0,0.61343431086920341,0,0,0,0,0,0
thread_55.txt,0,0.2518431904856015,0,0.51166867741726951,0,0.17814338999101886,0,0,0,0
thread_56.txt,0,0.15202131403257466,0,0.16975400643918784,0,0.51917427833107499,0,0.13296226625650209,0,0
thread_57.txt,0,0.25183825230634682,0,0.51158564765894066,0,0.17823135712914523,0,0,0,0
thread_58.txt,0.050000000298122425,0.050001335860107486,0.050000000547613159,0.050001193963061942,0.050000000439492182,0.050009354924157152,0.050000000484932222,0.050001186434729991,0.54998644003380093,0.050000487013982554
thread_59.txt,0,0.29833023007049908,0,0.55300749824913775,0,0.10747998668347397,0,0,0,0
thread_6.txt,0.12134422915579575,0.10630295256021938,0,0.7577668275366759,0,0,0,0,0,0
thread_60.txt,0,0.07453220896854601,0,0.42465729746980913,0,0.44247484422167499,0,0,0,0
thread_61.txt,0,0.29648542150114432,0,0,0,0.43363613731060857,0,0,0.22320798876780923,0
thread_62.txt,0,0.59355567615183769,0,0,0,0.18723341849860536,0,0.16920430691675642,0,0
thread_63.txt,0,0.51120396532822665,0,0.21381955484826132,0,0.21663286420282354,0,0,0,0
thread_64.txt,0.42942465571745542,0.014290111254884294,0.014285716882740227,0.014293411565975814,0.014285716633110681,0.014293285186880847,0.014285716875311287,0.014285879221970816,0.45626972280347228,0.014285783858198366
thread_65.txt,0,0.58280409747624062,0,0.39901179707243722,0,0,0,0,0,0
thread_66.txt,0.010004735969103994,0.63890757930956366,0.010000002436779858,0.010002957271419694,0.010000002947593602,0.28108146198133072,0.010000002431883198,0.010000276298766864,0.010002930133439728,0.010000051220118666
thread_67.txt,0.15929904771700573,0.42904660853936993,0,0.061280913350133102,0,0.33946365273345264,0,0,0,0
thread_68.txt,0,0.88591243872075398,0,0,0,0.091863789444644711,0,0,0,0
thread_69.txt,0,0.96249552176998909,0,0,0,0,0,0,0,0
thread_7.txt,0.20669361240092343,0.2042477665688649,0,0.3993733063193961,0,0.12093144203075182,0,0.063434361105797102,0,0
thread_70.txt,0,0.88184132486726974,0,0,0,0,0,0,0.084821757493962952,0
thread_71.txt,0.011111296171092308,0.40887821134257951,0.011111114546521174,0.011113382093843466,0.011111118335996609,0.34260737272400427,0.011111114538640722,0.011113835195065518,0.17073139012131006,0.011111164930946433
thread_72.txt,0,0,0,0.37023289124365949,0,0.59776431291632359,0,0,0,0
thread_73.txt,0,0.26114288202642383,0,0.50349593024953565,0,0.19244864846163168,0,0.032742469554257581,0,0
thread_74.txt,0,0.39880700741812203,0,0.5440411220391026,0,0,0,0,0,0
thread_75.txt,0,0.33337819310304828,0,0.58088019855609996,0,0,0,0.071740190130943959,0,0
thread_76.txt,0,0.18945209280809466,0,0.47251339048311103,0,0.16945462364388431,0,0.13107402264366688,0,0
thread_77.txt,0.020000524882109186,0.65893241577027184,0.020000004818778203,0.020004613546393386,0.020000006291132015,0.020004533639591888,0.020000004795795723,0.020000674580250441,0.181057019511147,0.020000202164530533
thread_78.txt,0.15660201819274344,0.36950215052415475,0,0.44207349275437968,0,0,0,0,0,0
thread_79.txt,0,0.82448693998748779,0,0,0,0,0,0,0.15551139310612253,0
thread_8.txt,0,0.69002384154591068,0,0,0,0,0,0.10146502947547156,0.17668970904852807,0
thread_80.txt,0,0.73257662645457489,0,0,0,0.07114042709816433,0,0.15891588484634506,0.032448825098216227,0
thread_81.txt,0.020000001549138786,0.020001148550456795,0.020000002669023968,0.020001422476924595,0.020000002410621581,0.02000862340620823,0.020000002659690593,0.020001000950965939,0.81998774014877651,0.020000055178192967
thread_82.txt,0,0.4873145064529919,0,0.14800926753363403,0,0.35592570233566767,0,0,0,0
thread_83.txt,0,0.2083186005013111,0,0.2951204112343781,0,0,0,0.1843445032217608,0.2576691154069829,0
thread_84.txt,0,0.60070987400620424,0,0,0,0.23578178432068495,0,0.1246156511271603,0,0
thread_85.txt,0,0.86425273273367775,0,0,0,0.12633450548099509,0,0,0,0
thread_86.txt,0,0.26974112159984376,0,0.64448327952217244,0,0,0,0.0539534306698271,0,0
thread_87.txt,0,0.21664920751186062,0,0.68473558482186281,0,0,0,0.0636106551645301,0,0
thread_88.txt,0,0.26880965954040659,0,0.63594209483044117,0,0,0,0.061911164720374022,0,0
thread_89.txt,0.016666706114217174,0.016668342217605988,0.016666667029184887,0.016667640976393023,0.016666669517044628,0.84998915707031386,0.016666667014886984,0.01666712062063164,0.016674249691848903,0.016666779747872798
thread_9.txt,0,0.5502836669941259,0,0.30872903809850638,0,0,0,0.010240352495374713,0.12819362655413399,0
thread_90.txt,0.01000000276801128,0.49499415075879794,0.010000004758283903,0.010003444428949633,0.010000004311641036,0.010001461598780835,0.010000004756800534,0.010000079272040505,0.42500081131267803,0.010000036034016344
thread_91.txt,0,0.52619494563481894,0,0,0,0.34041106754750861,0,0.083388963766570998,0,0
thread_92.txt,0.11988002069373378,0.12328272472345017,0,0.41646562827706313,0,0,0,0,0.32101611566543486,0
thread_93.txt,0.020270541651868725,0.92876094240236295,0,0,0,0,0,0.043012936688327848,0,0
thread_94.txt,0.1225192346450556,0.71661950155079857,0,0.15316767661162817,0,0,0,0,0,0
thread_95.txt,0.025018681410186719,0.54462956964823461,0.025000005661869655,0.025003521488373124,0.025000005106967198,0.02500444713418189,0.025000005634843697,0.025000569914340139,0.25534295606538482,0.025000237935618012
thread_96.txt,0,0.31768620846605844,0,0.55831027226311147,0,0,0,0,0.10650100112744766,0
thread_97.txt,0,0,0,0.47617508267760694,0,0,0,0,0.46228148606395952,0
thread_98.txt,0.062990073846699648,0.53655475247222706,0,0,0,0.33505630994310137,0,0,0.051111624299786662,0
thread_99.txt,0.011111175162829863,0.76047117658562224,0.011111115232198061,0.011113598044804635,0.011111115233975677,0.011112268547204589,0.011111115227298914,0.011113271972303881,0.15063399340476394,0.011111170588998168
